"站点编号","纬度","经度","权重"
1001,30.24297,120.16001,24963
1002,30.24191,120.15751,23038
1003,30.24866,120.15694,2367
1004,30.24805,120.15834,12924
1005,30.24965,120.15967,13792
1006,30.25463,120.16184,48697
1007,30.25234,120.1615,25578
1008,30.25739,120.16268,42109
1009,30.25793,120.16433,20754
1010,30.25894,120.1613,22425
1011,30.25946,120.16007,6912
1012,30.25902,120.15947,21
1013,30.25461,120.16071,16821
1014,30.25626,120.16023,26312
1015,30.2539,120.18212,21894
1016,30.26003,120.15682,19818
1017,30.25736,120.15637,29526
1018,30.25647,120.15794,21637
1019,30.24801,120.1558,11362
1020,30.24051,120.18804,31472
1021,30.21937,120.17025,14081
1022,30.22236,120.17164,16364
1023,30.22411,120.17331,13642
1024,30.25236,120.17834,22105
1026,30.25661,120.17575,37036
1027,30.24001,120.18168,21641
1028,30.25971,120.15989,28543
1031,30.26024,120.15494,23007
1032,30.25979,120.15445,18576
1033,30.22444,120.16829,11382
1034,30.22727,120.16657,3677
1036,30.24809,120.16685,28058
1037,30.23652,120.19908,13115
1038,30.25673,120.18205,7083
1039,30.24592,120.1579,7890
1040,30.23606,120.19741,15926
1041,30.22974,120.16849,28205
1042,30.28125,120.17045,7809
1043,30.25768,120.15761,11792
1044,30.25351,120.15832,18918
1045,30.24067,120.17344,30329
1048,30.25487,120.15827,13137
1050,30.25613,120.15813,5684
1051,30.25612,120.16171,17043
1052,30.24434,120.15425,25053
1053,30.25799,120.15993,114114
1054,30.24755,120.17205,25509
1055,30.21382,120.16483,13540
1058,30.25643,120.16904,42387
1060,30.25996,120.15891,5593
1063,30.26335,120.17859,40365
1065,30.26028,120.16839,23701
1066,30.26203,120.15568,11183
1067,30.26,120.16736,21124
1069,30.24476,120.16505,39716
1071,30.20567,120.14766,1341
1072,30.26535,120.18286,15274
1073,30.23748,120.1842,8336
1074,30.255,120.17165,11959
1075,30.23217,120.1785,7364
1076,30.21395,120.1673,9866
1077,30.23864,120.17287,64746
1078,30.24442,120.15956,16993
1079,30.21082,120.16012,6159
1080,30.26703,120.17157,20265
1081,30.23436,120.19893,36512
1082,30.23507,120.17907,11633
1084,30.24657,120.15977,19466
1085,30.24557,120.16169,29889
1087,30.23668,120.15146,21730
1088,30.24949,120.15585,26487
1089,30.25161,120.16787,33385
1090,30.23993,120.17025,20110
1091,30.27764,120.16555,13175
1092,30.23452,120.18083,8243
1093,30.2145,120.16427,17923
1094,30.25807,120.17795,21534
1095,30.2349,120.18561,7579
1096,30.21734,120.17461,6113
1099,30.2533,120.17785,26652
1101,30.25199,120.16693,36955
1102,30.2454,120.16913,25304
1103,30.2566,120.17264,27725
1104,30.21761,120.16721,11822
1105,30.22005,120.16906,5225
1106,30.21701,120.17008,7662
1107,30.21774,120.16927,9706
1108,30.25565,120.17395,23970
1109,30.2331,120.18503,22997
1110,30.2223,120.17154,10158
1111,30.22273,120.17996,4630
1112,30.22431,120.18362,2913
1113,30.22204,120.1796,5075
1114,30.23367,120.19947,2082
1115,30.23735,120.15666,2238
1116,30.21992,120.1739,23763
1117,30.2291,120.18394,6180
1118,30.22668,120.18126,2288
1119,30.22385,120.17895,5562
1120,30.20987,120.16114,712
1121,30.21058,120.16077,8683
1122,30.22752,120.17552,4913
1123,30.24301,120.16046,45141
1124,30.2406,120.1573,1708
1125,30.2205,120.17451,4980
1126,30.23636,120.20257,20665
1127,30.23654,120.19763,9936
1128,30.23207,120.19625,7180
1129,30.22655,120.17037,14396
1130,30.22773,120.17215,2710
1131,30.24565,120.17036,18881
1132,30.24124,120.17139,38957
1133,30.23679,120.16731,36380
1134,30.25214,120.17836,8735
1135,30.2261,120.16862,20467
1136,30.20818,120.15818,2638
1137,30.20845,120.15582,6796
1138,30.207,120.15614,262
1139,30.20686,120.15324,7895
1140,30.20643,120.15292,1470
1141,30.20792,120.15458,5301
1142,30.25955,120.18286,14571
1143,30.2569,120.1825,18706
1144,30.24992,120.17968,33975
1145,30.21207,120.15933,6134
1146,30.24518,120.16728,41489
1150,30.24694,120.16151,53353
1151,30.25214,120.17836,3897
1152,30.25241,120.15823,34589
1153,30.25647,120.15682,23532
1154,30.25652,120.15696,12524
1155,30.25253,120.17751,8754
1156,30.30754,120.15683,26951
1157,30.25435,120.1593,6723
1158,30.21733,120.16745,14303
1159,30.25956,120.15732,5531
1160,30.24299,120.15909,26362
1161,30.25904,120.16043,25312
1162,30.23869,120.15743,7850
1163,30.2406,120.15535,15229
1164,30.25713,120.16119,17056
1165,30.25738,120.1645,29731
1166,30.26018,120.17004,51778
1167,30.25946,120.16834,28210
1168,30.25614,120.17158,27643
1169,30.25725,120.17451,31071
1170,30.20768,120.15818,150
1171,30.20935,120.16112,473
1172,30.21085,120.16434,3452
1173,30.244,120.15785,6619
1174,30.24807,120.15937,7252
1175,30.20652,120.15428,261
1176,30.20508,120.15129,376
1177,30.20511,120.14876,1522
1178,30.21156,120.16536,433
1179,30.21187,120.16545,1240
1180,30.21431,120.16382,7568
1181,30.22319,120.18712,1186
1182,30.20312,120.14366,285
1183,30.21693,120.17551,1118
1184,30.21798,120.17749,2076
1185,30.22331,120.18705,537
1186,30.22275,120.18527,721
1187,30.22388,120.18841,1390
1188,30.22161,120.1842,134
1189,30.24412,120.16193,24577
1190,30.24631,120.16172,19334
1191,30.21269,120.1674,3665
1193,30.21008,120.15647,7370
1194,30.2201,120.17011,2776
1195,30.20558,120.15337,1679
1196,30.22558,120.18442,454
1197,30.24566,120.15476,16583
1198,30.2406,120.15652,12337
1206,30.2503,120.15954,6905
1207,30.24446,120.18462,24137
1208,30.22692,120.19353,2368
1209,30.23151,120.19921,6664
1210,30.2342,120.20199,3514
1211,30.24658,120.1554,9838
1212,30.28125,120.17045,13596
1213,30.23779,120.20086,6520
1214,30.2373,120.20191,2010
1215,30.22378,120.17234,15180
1217,30.25272,120.15925,5594
1218,30.23295,120.19765,4865
1219,30.26022,120.18182,26855
1220,30.26029,120.17852,36633
1221,30.2533,120.17785,23947
1222,30.25715,120.17819,27110
1224,30.25718,120.15681,5741
1225,30.21577,120.17027,844
1226,30.21635,120.17156,1987
1227,30.21742,120.17089,3070
1228,30.21991,120.17375,4488
1229,30.25232,120.17392,46577
1230,30.2557,120.17056,23274
1232,30.24927,120.17572,33428
1235,30.23717,120.18433,16666
1238,30.23036,120.17718,5803
1239,30.22701,120.17504,3980
1240,30.22597,120.17448,9877
1242,30.23835,120.16389,11863
1243,30.23808,120.16355,24677
1244,30.22637,120.1676,13049
1245,30.23937,120.16689,16838
1247,30.24216,120.15607,11028
1248,30.24186,120.15702,8693
1249,30.24359,120.15972,9484
1252,30.2604,120.17212,31681
1253,30.26033,120.15601,24216
1254,30.25925,120.15473,20671
1255,30.23391,120.18027,12104
1256,30.2602,120.16422,54085
1257,30.26063,120.16019,20957
1262,30.24315,120.15965,6553
1264,30.24348,120.15751,4653
1265,30.2485,120.15942,2649
1266,30.24846,120.15847,4044
1267,30.24795,120.17337,32482
1268,30.24981,120.16431,24453
1269,30.24998,120.15926,41696
1270,30.25037,120.15783,8680
1271,30.23905,120.1961,16465
1272,30.23284,120.20112,2496
1273,30.23214,120.20023,2836
1274,30.2328,120.20038,2725
1275,30.24846,120.16013,6835
1276,30.24809,120.16685,29243
1277,30.24528,120.17035,21922
1279,30.25643,120.1661,25244
1280,30.25283,120.16803,18084
1281,30.25256,120.17231,9755
1282,30.25013,120.16412,21951
1284,30.25934,120.15559,6234
1285,30.22058,120.18212,58077
1286,30.25099,120.1593,14156
1287,30.24187,120.15556,19482
1288,30.23413,120.20261,2708
1289,30.23533,120.20433,2757
1290,30.25789,120.16435,9693
1292,30.29592,120.13003,32797
1293,30.28125,120.17045,5681
1294,30.24625,120.15792,14678
1296,30.23698,120.17683,19838
1297,30.25903,120.16749,9683
1298,30.25798,120.16734,15171
1299,30.24491,120.16772,18007
1300,30.25444,120.16136,17630
1301,30.2307,120.1959,13644
1302,30.24093,120.1731,25105
1303,30.25114,120.16382,35247
1304,30.25313,120.16584,38942
1306,30.25201,120.1742,30813
1307,30.24096,120.16737,22162
1308,30.23496,120.19482,14949
1309,30.23582,120.19541,23155
1310,30.25054,120.16022,19289
1311,30.22574,120.18035,3882
1312,30.23221,120.1972,9067
1313,30.21009,120.15884,5900
1314,30.2313,120.17843,9749
1315,30.22558,120.1849,2508
1316,30.23575,120.18654,8633
1317,30.23825,120.18483,14261
1318,30.22208,120.17204,13038
1319,30.23092,120.18902,21654
1320,30.25326,120.1679,25126
1321,30.2492,120.17521,17682
1322,30.23824,120.19371,24466
1323,30.25292,120.17091,67034
1324,30.23995,120.16826,26489
1325,30.24809,120.16685,13123
1326,30.24938,120.17555,22540
1327,30.24962,120.17778,20524
1328,30.24283,120.16754,21267
1329,30.24788,120.16583,33405
1330,30.24447,120.16768,14634
1331,30.2422,120.16753,24756
1332,30.23661,120.19288,17628
1333,30.24548,120.15965,13449
1334,30.26693,120.15942,20197
1335,30.24089,120.15746,3915
1336,30.24039,120.15768,2019
1337,30.25972,120.1636,26191
1338,30.24325,120.15756,3951
1339,30.21411,120.16192,1996
1340,30.21107,120.1566,7089
1341,30.24655,120.17356,17531
1342,30.21525,120.16373,13260
1343,30.20716,120.14933,7418
1344,30.23277,120.1799,6762
1345,30.23084,120.18499,7655
1346,30.25304,120.18134,18294
1347,30.25697,120.16676,17141
1348,30.21731,120.16743,17925
1349,30.25153,120.17445,23872
1350,30.23003,120.16807,30811
1351,30.23608,120.17747,44010
1352,30.2282,120.18741,7621
1353,30.22908,120.18543,12311
1354,30.21061,120.14896,8083
1355,30.21006,120.14519,8262
1356,30.20864,120.14118,3921
1357,30.24723,120.18176,13239
1358,30.25529,120.16343,22340
1359,30.24501,120.17544,41340
1360,30.24702,120.17477,4438
1361,30.25576,120.16572,12622
1362,30.21492,120.1721,1363
1363,30.21474,120.1705,2018
1364,30.24528,120.19188,39351
1365,30.23247,120.18622,16588
1366,30.23051,120.19784,2035
1367,30.22494,120.1898,1688
1368,30.2205,120.18262,15
1369,30.21946,120.17981,320
1370,30.23646,120.18151,10260
1371,30.21322,120.16897,719
1372,30.24018,120.17057,10838
1373,30.25139,120.18049,14265
1374,30.25263,120.17685,19172
1375,30.25253,120.17746,12542
1376,30.25857,120.17985,15920
1377,30.24197,120.15482,5479
1378,30.26014,120.17879,29431
1379,30.25845,120.1782,22156
1380,30.2476,120.1728,14190
1381,30.2485,120.1566,1735
1383,30.21989,120.16932,4406
1384,30.23991,120.16939,7334
1385,30.2223,120.17666,1839
1386,30.22191,120.17807,2399
1387,30.23685,120.1832,9789
1388,30.21035,120.15024,3923
1389,30.20554,120.14783,1567
1390,30.23552,120.18187,4493
1391,30.23976,120.19994,6153
1393,30.20918,120.15358,8646
1394,30.25872,120.16437,16725
1395,30.25972,120.1718,34479
1396,30.25922,120.18289,10245
1397,30.23864,120.19269,15140
1398,30.22974,120.182,345
1399,30.22576,120.17984,2037
1400,30.23299,120.1875,8429
1401,30.236,120.17813,14186
1402,30.22177,120.17548,14476
1403,30.25462,120.17158,32919
1404,30.26703,120.17157,27583
1405,30.23009,120.19286,4710
1406,30.23527,120.17086,10489
1407,30.21796,120.17256,7065
1408,30.22136,120.17101,6958
1410,30.23992,120.19227,9998
1411,30.22735,120.16574,3466
1412,30.22964,120.1647,3896
1413,30.23088,120.16506,5887
1414,30.23204,120.16534,8215
1415,30.23229,120.1655,26610
1416,30.23496,120.16515,21801
1417,30.239,120.16651,23265
1419,30.22934,120.17348,4270
1420,30.2433,120.18077,25043
1421,30.23281,120.17239,8253
1422,30.20773,120.14883,4584
1424,30.23828,120.18546,4432
1425,30.23866,120.18594,17986
1427,30.2339,120.1922,23556
1428,30.2329,120.1927,1
1430,30.2343,120.192,48776
1431,30.2401,120.186,11
1432,30.2388,120.1871,26176
1434,30.2473,120.1777,31519
1435,30.2473,120.1797,35792
2001,30.3085,120.15921,22285
2003,30.27575,120.16213,39774
2004,30.27804,120.18003,26820
2005,30.28304,120.1581,11012
2007,30.27613,120.18185,11169
2008,30.28123,120.17131,38179
2009,30.28247,120.17589,11024
2010,30.28089,120.16855,42731
2013,30.28763,120.16181,5383
2014,30.29307,120.15098,40644
2018,30.27154,120.18307,6255
2019,30.28671,120.15796,43566
2021,30.28475,120.17119,2807
2022,30.28401,120.16715,20475
2023,30.29212,120.17331,15354
2024,30.28583,120.16357,43356
2025,30.27331,120.15279,52050
2026,30.27169,120.16817,30913
2027,30.30318,120.16887,24527
2028,30.29708,120.16639,8305
2030,30.30153,120.15729,15912
2031,30.26437,120.15322,13771
2032,30.26991,120.16662,22737
2034,30.29853,120.15682,5558
2035,30.27159,120.17836,49095
2036,30.27438,120.175,26117
2037,30.2668,120.18307,14296
2038,30.26042,120.18327,20278
2040,30.27248,120.16105,81523
2041,30.27286,120.15141,2884
2042,30.26283,120.17148,61698
2043,30.33476,120.18137,12195
2044,30.33807,120.18259,6417
2045,30.33843,120.17853,6458
2046,30.34226,120.19696,7104
2047,30.34258,120.19592,3971
2048,30.34135,120.1784,7635
2049,30.34456,120.18161,15896
2050,30.34162,120.18149,10767
2051,30.30982,120.16262,12734
2052,30.30503,120.16291,16094
2053,30.33514,120.17916,11066
2058,30.26266,120.16582,42154
2059,30.26967,120.16378,60983
2060,30.26499,120.15407,27006
2061,30.27027,120.15042,31096
2066,30.34187,120.18796,7991
2067,30.33751,120.19573,2611
2069,30.32082,120.18495,7119
2072,30.28061,120.16499,355
2073,30.2737,120.16589,36718
2074,30.27181,120.1705,32429
2075,30.24809,120.16685,18278
2076,30.27987,120.18048,13275
2079,30.34583,120.1835,1144
2081,30.28803,120.15115,3903
2082,30.27888,120.1564,5563
2083,30.31997514,120.1364045,9699
2084,30.27673,120.15771,1848
2085,30.27763,120.17313,2027
2086,30.27815,120.16605,4815
2087,30.27908,120.18065,733
2088,30.30697,120.15479,34956
2089,30.3106,120.1685,25322
2090,30.32127,120.1628,3689
2091,30.31854,120.16229,1073
2092,30.31107,120.16521,12127
2093,30.31022,120.1749,30691
2094,30.3056,120.16643,5895
2095,30.31657,120.17015,15939
2097,30.27604,120.1525,14690
2098,30.30641,120.17949,7795
2099,30.30676,120.16873,12802
2100,30.33267,120.1862,5410
2101,30.27682,120.17365,24574
2102,30.2781,120.15635,37917
2103,30.28474,120.17573,13448
2104,30.27419,120.16614,24164
2105,30.26073,120.17457,65886
2106,30.30552,120.17878,6099
2107,30.25961,120.17249,35043
2108,30.30259,120.17059,2331
2109,30.24945,120.15584,24956
2110,30.26099,120.18097,18921
2112,30.27621,120.16059,20468
2113,30.30984,120.16405,13273
2115,30.28536,120.17581,14627
2116,30.27059,120.18307,18317
2117,30.27517,120.15403,16426
2118,30.27452,120.17666,20250
2119,30.27435,120.17788,16230
2120,30.33932,120.18756,8462
2121,30.33137,120.18943,11491
2122,30.32755,120.18887,21361
2123,30.32588,120.18662,3824
2125,30.34052,120.20072,4321
2126,30.27743,120.15442,42400
2127,30.27013,120.17327,25876
2131,30.26631,120.16523,39514
2132,30.26084,120.15863,13088
2133,30.21987,120.16933,41884
2134,30.28956,120.16369,31848
2135,30.2763,120.16267,10788
2136,30.26406,120.18133,20061
2137,30.26104,120.15413,14424
2138,30.26659,120.162,61464
2139,30.26599,120.15593,56417
2141,30.26634,120.17342,56603
2142,30.28757,120.16233,22873
2143,30.29091,120.15953,20906
2144,30.29676,120.17407,22534
2145,30.30684,120.18795,5108
2146,30.28317,120.15943,45325
2147,30.2877,120.17541,10278
2149,30.30325,120.16095,16571
2150,30.31217,120.17066,14554
2151,30.28515,120.17415,2979
2152,30.29011,120.16791,7718
2153,30.29022,120.16713,12599
2155,30.32635,120.1647,1230
2156,30.28608,120.16834,4062
2157,30.35076,120.1979,3798
2158,30.31857,120.1652,13082
2159,30.31821,120.16059,6393
2160,30.33026,120.17856,8925
2161,30.32885,120.18919,6498
2162,30.30927,120.18809,8492
2163,30.27314,120.1739,14284
2164,30.27857,120.16641,44599
2165,30.26669,120.15871,19394
2167,30.27337,120.21983,6553
2168,30.34212,120.18391,1094
2169,30.30513,120.17581,8587
2170,30.34239,120.20014,5767
2171,30.33902,120.19822,3932
2172,30.34117,120.19782,883
2173,30.34201,120.19062,7198
2174,30.33753,120.19316,7172
2175,30.33858,120.18872,2558
2177,30.3122,120.16494,6882
2178,30.34369,120.18327,2983
2179,30.30263,120.18566,5314
2180,30.35189,120.19502,3370
2181,30.35164,120.19392,629
2182,30.34587,120.1838,3718
2183,30.30636,120.18077,9364
2184,30.30326,120.18568,9884
2185,30.33088,120.18871,17498
2186,30.30732,120.18786,2096
2187,30.30282,120.16907,6102
2188,30.33028,120.17855,4303
2189,30.34576,120.18644,23861
2190,30.30651,120.16649,3513
2191,30.31021,120.17117,27612
2192,30.31014,120.15956,13880
2193,30.31093,120.17858,14838
2194,30.31947,120.18899,17443
2195,30.32742,120.16703,6337
2196,30.34003,120.17923,6803
2197,30.33484,120.17821,654
2198,30.33283,120.1821,5827
2199,30.30889,120.16185,11658
2201,30.33745,120.17924,7523
2202,30.29474,120.16867,19561
2203,30.29606,120.1673,5765
2204,30.28839,120.17424,25811
2205,30.28964,120.1725,11259
2206,30.28599,120.17215,4929
2207,30.28468,120.16982,20024
2209,30.27161,120.17836,32746
2210,30.26742,120.1786,55844
2211,30.26825,120.18173,28589
2212,30.26215,120.18112,15979
2213,30.26518,120.17872,20930
2215,30.27733,120.1806,6124
2216,30.27722,120.15241,8895
2217,30.2781,120.15819,18855
2220,30.26331,120.16848,50203
2221,30.27751,120.18188,14193
2222,30.26408,120.17621,33312
2223,30.3478,120.19003,5384
2224,30.32952,120.17318,3440
2225,30.30969,120.16842,23819
2226,30.30745,120.16858,7371
2227,30.30859,120.16587,5735
2228,30.3069,120.16618,4728
2229,30.30548,120.16603,3702
2231,30.27718,120.17872,37577
2232,30.27711,120.17943,4716
2233,30.27584,120.16324,4311
2235,30.26446,120.18266,5938
2236,30.27128,120.18153,17685
2237,30.2765,120.15437,27377
2243,30.30092,120.16249,31774
2246,30.25214,120.17836,15501
2247,30.2647,120.17198,40644
2248,30.27567,120.16103,11578
2250,30.30576,120.17727,8967
2251,30.30492,120.17497,1878
2252,30.30173,120.1737,37617
2253,30.26765,120.18319,13045
2254,30.27191,120.17166,22266
2261,30.33528,120.18859,3684
2262,30.33356,120.18878,2071
2263,30.33314,120.19047,634
2264,30.34142,120.17888,15711
2265,30.3465,120.18145,4733
2266,30.34328,120.18412,5990
2267,30.34328,120.18167,5749
2268,30.34141,120.18311,2758
2269,30.34099,120.18432,6282
2270,30.24536,120.18464,3063
2271,30.34261,120.20198,1767
2272,30.34252,120.22093,3126
2273,30.34245,120.19835,8138
2276,30.34254,120.19181,9544
2277,30.34226,120.20485,1478
2279,30.27805,120.18181,14691
2280,30.28132,120.17874,25457
2281,30.29389,120.15756,16585
2282,30.26982,120.15941,10866
2284,30.32216,120.18141,17271
2285,30.27413,120.16693,40954
2286,30.34161,120.18441,5454
2288,30.33899,120.1815,7046
2289,30.31378,120.16004,7406
2290,30.31859,120.16377,1545
2291,30.32306,120.16414,4016
2293,30.33838,120.18299,5923
2294,30.33834,120.18045,4132
2295,30.31976,120.16203,10726
2297,30.34345,120.17918,8384
2298,30.3387,120.17941,3581
2299,30.3183,120.16489,1729
2300,30.31837,120.16122,3105
2302,30.34072,120.1805,12410
2303,30.32278,120.16825,11452
2304,30.312,120.1652,6714
2305,30.30924,120.16306,9866
2306,30.25955,120.15737,7591
2307,30.30589,120.16798,6594
2308,30.30917,120.16347,10387
2309,30.33918,120.17759,441
2310,30.26703,120.15926,35848
2311,30.26681,120.1609,32315
2312,30.2694,120.16468,2551
2313,30.26968,120.166,33331
2314,30.26007,120.15935,5280
2315,30.26092,120.15888,1700
2317,30.27221,120.15207,23567
2318,30.27315,120.15399,40780
2320,30.34582,120.19819,9229
2321,30.27737,120.18153,10970
2322,30.26058,120.1698,51235
2323,30.2603,120.16839,18916
2325,30.29051,120.17208,36228
2326,30.28131,120.17483,22106
2327,30.26532,120.18152,25684
2328,30.318,120.17482,12944
2330,30.26632,120.17161,45081
2331,30.2755,120.1745,12482
2332,30.28418,120.16414,33131
2333,30.29268,120.16013,12440
2334,30.26533,120.17271,51683
2335,30.2741,120.16674,22018
2337,30.27437,120.15236,4972
2338,30.31692,120.17417,11254
2339,30.32331,120.17087,5148
2341,30.34087,120.1815,8190
2342,30.3435,120.1808,2050
2343,30.33241,120.18487,11297
2344,30.27528,120.18074,8997
2345,30.27539,120.18151,7620
2346,30.27422,120.17587,33936
2347,30.3288,120.16755,281
2348,30.3306,120.16843,3283
2349,30.33237,120.1696,991
2350,30.3343,120.17154,8508
2351,30.33737,120.17421,5706
2352,30.33942,120.17582,3712
2353,30.34042,120.17606,8313
2354,30.32875,120.1673,4391
2356,30.33231,120.16944,1735
2357,30.33463,120.17145,9038
2358,30.33811,120.17425,2388
2359,30.32591,120.18939,8214
2360,30.28494,120.17253,18609
2361,30.28403,120.16734,15556
2362,30.28496,120.17271,20037
2363,30.30224,120.16218,6784
2364,30.29771,120.16574,28449
2365,30.30779,120.1567,23636
2366,30.25673,120.16906,8030
2367,30.30249,120.18694,10564
2368,30.32641,120.19396,16904
2369,30.33032,120.19296,3994
2370,30.32116,120.12874,2150
2371,30.27541,120.15803,75749
2372,30.33606,120.17924,2722
2373,30.33449,120.17949,2059
2374,30.33547,120.17692,1613
2375,30.33786,120.17715,290
2376,30.33386,120.11083,2017
2377,30.3458,120.18199,3484
2378,30.34033,120.18372,1314
2379,30.33271,120.18828,1408
2380,30.32504,120.18874,10399
2381,30.36406,120.22511,911
2382,30.33168,120.18884,5106
2383,30.3338,120.19281,1989
2384,30.33489,120.19287,1764
2385,30.27337,120.21983,2210
2386,30.34989,120.18758,3136
2387,30.35003,120.18793,3855
2388,30.35055,120.19004,361
2389,30.35008,120.18985,401
2390,30.34892,120.1872,7028
2391,30.30173,120.1737,25737
2392,30.28127,120.17046,20037
2393,30.28181,120.17576,14322
2394,30.31864,120.16143,4136
2395,30.28368,120.16494,22924
2396,30.31306,120.16069,8291
2397,30.31294,120.16237,8164
2398,30.31285,120.16045,5425
2400,30.31473,120.16041,8241
2401,30.28355,120.17572,10998
2402,30.26143,120.18107,19812
2403,30.33727,120.18839,2785
2404,30.32804,120.16842,2768
2405,30.33353,120.18965,406
2406,30.32909,120.17317,6414
2407,30.26629,120.1835,23662
2408,30.2942,120.1572,11892
2409,30.26057,120.17661,31919
2410,30.2709,120.1589,17337
2411,30.32093,120.16276,4887
2412,30.31831,120.17464,6057
2413,30.31841,120.17334,6888
2414,30.27241,120.18135,24785
2415,30.28334,120.1606,18022
2416,30.28898,120.16081,26103
2417,30.31295,120.16226,2875
2418,30.27982,120.17928,19241
2419,30.287,120.16211,19746
2420,30.26256,120.16676,26867
2421,30.30291,120.16785,39867
2422,30.27118,120.18164,23453
2423,30.30286,120.1677,18497
2424,30.33571,120.18801,1312
2425,30.33569,120.18167,5549
2426,30.33017,120.16796,2121
2427,30.34118,120.18198,5743
2428,30.34217,120.1916,6542
2429,30.34257,120.19671,6905
2430,30.34259,120.20321,1801
2431,30.34222,120.19937,1573
2432,30.34283,120.20174,936
2433,30.34311,120.20503,5328
2434,30.34588,120.17955,1587
2435,30.29037,120.15336,26806
2436,30.27652,120.17298,10341
2437,30.27021,120.1757,18132
2438,30.32636,120.1647,15452
2439,30.31314,120.17393,9681
2440,30.27431,120.1661,18300
2441,30.34762,120.18151,9895
2443,30.27483,120.17904,15629
2444,30.33305,120.19418,3014
2445,30.33307,120.19469,1325
2446,30.3255,120.19092,4116
2447,30.30516,120.16535,8307
2449,30.29283,120.16239,42197
2450,30.33175,120.18497,8678
2451,30.31813,120.17121,15237
2453,30.2745,120.1596,22671
2458,30.287,120.1715,12868
3001,30.25086,120.19128,12610
3002,30.25057,120.1917,16130
3003,30.25302,120.18533,25593
3005,30.29186,120.186,13031
3006,30.26882,120.19917,23449
3007,30.2805,120.19213,21003
3008,30.29817,120.18623,17580
3011,30.25477,120.19325,11151
3012,30.29548,120.18388,8136
3014,30.28974,120.18018,9495
3017,30.32887,120.2617,3449
3018,30.28061,120.21416,4004
3021,30.25757,120.19983,14912
3022,30.25829,120.18564,30981
3023,30.2618,120.21065,3471
3025,30.26446,120.20354,14246
3026,30.30572,120.24702,562
3028,30.2855,120.18086,8838
3030,30.29882,120.18284,3803
3031,30.35706,120.2336,11363
3033,30.27282,120.20418,14546
3034,30.28364,120.22366,3420
3035,30.35169,120.22855,16654
3036,30.35578,120.2338,5749
3037,30.35854,120.22849,1649
3038,30.27475,120.19884,15790
3039,30.35801,120.23245,1555
3043,30.35651,120.23148,2819
3045,30.28641,120.18509,39514
3048,30.30464,120.25433,3991
3049,30.31222,120.25591,5140
3050,30.28237,120.18543,7226
3051,30.283,120.18944,5314
3052,30.26177,120.20361,38195
3053,30.27183,120.20315,14458
3054,30.2758,120.20298,19361
3055,30.25979,120.20279,20730
3058,30.27292,120.19977,22649
3060,30.27256,120.20625,10854
3061,30.29535,120.18639,10157
3062,30.29579,120.18619,7355
3063,30.30871,120.25217,4154
3069,30.35095,120.23584,3087
3072,30.36156,120.22863,4149
3073,30.35707,120.23603,5153
3074,30.35863,120.23858,4782
3075,30.31984,120.27266,3261
3076,30.31889,120.27311,3751
3077,30.315,120.27609,17866
3078,30.31747,120.26138,6061
3079,30.30738,120.19229,4889
3080,30.30786,120.21239,524
3083,30.30524,120.26479,10997
3084,30.29697,120.2674,3947
3086,30.27299,120.21937,3942
3087,30.28583,120.18029,18402
3088,30.28119,120.21548,1675
3089,30.25034,120.19253,24516
3090,30.24673,120.19672,26132
3091,30.26346,120.20753,10804
3094,30.35665,120.20365,1629
3095,30.35502,120.20091,791
3097,30.28008,120.21333,2486
3098,30.26512,120.18609,38226
3099,30.26681,120.16842,14713
3100,30.26225,120.19077,48356
3101,30.27007,120.18676,19619
3102,30.263,120.19809,18538
3103,30.26308,120.20027,28902
3106,30.27937,120.19914,23349
3110,30.27824,120.19441,15449
3111,30.30773,120.20554,7888
3112,30.27903,120.19759,10676
3113,30.30799,120.21815,9153
3114,30.30789,120.21806,3638
3115,30.25435,120.18722,9053
3118,30.28442,120.18707,22996
3119,30.2843,120.18672,7887
3120,30.28898,120.18968,5544
3121,30.29297,120.19312,9341
3122,30.29314,120.19257,10260
3123,30.28974,120.18981,12068
3124,30.28809,120.18839,21791
3126,30.25462,120.1884,8845
3127,30.25477,120.1879,7776
3129,30.26234,120.19907,24530
3130,30.27107,120.18649,17166
3131,30.25109,120.18523,10937
3132,30.2649,120.1993,14815
3140,30.3607,120.21081,717
3141,30.35782,120.20558,2317
3142,30.35401,120.19912,1923
3143,30.35271,120.19605,936
3144,30.35181,120.19369,557
3145,30.35103,120.19159,2147
3147,30.26968,120.19868,12848
3148,30.26967,120.2004,11114
3149,30.2697,120.20617,15435
3150,30.26549,120.19944,19961
3151,30.31559,120.25043,3905
3152,30.3172,120.25005,4440
3153,30.31963,120.25061,3472
3154,30.31965,120.25243,499
3157,30.25489,120.19914,8152
3158,30.25567,120.20023,16803
3159,30.24791,120.18728,30122
3160,30.25113,120.19269,11133
3162,30.28023,120.18979,27552
3163,30.35361,120.19735,3337
3165,30.314,120.2619,33941
3170,30.3509,120.22438,1064
3175,30.32516,120.23549,3947
3180,30.35733,120.23447,8559
3181,30.35602,120.23033,1661
3182,30.35504,120.23003,276
3183,30.35280514,120.2306545,1604
3184,30.35448,120.23004,1077
3185,30.35701,120.22909,910
3186,30.35919,120.22805,2645
3187,30.35478,120.22762,2279
3188,30.35397,120.2252,2958
3189,30.35357,120.22455,1867
3190,30.32293,120.25475,8594
3191,30.32492,120.25749,10211
3192,30.3271,120.2603,6392
3193,30.33055,120.26537,2076
3194,30.32945,120.26337,4113
3195,30.31602,120.25449,4689
3196,30.31687,120.2544,5490
3197,30.31055,120.256,6998
3199,30.27091,120.19917,22111
3200,30.2697,120.19682,28113
3201,30.26674,120.19953,27972
3202,30.26978,120.20386,15909
3203,30.26977,120.20574,7598
3204,30.27093,120.20644,8326
3205,30.27615,120.18649,27250
3207,30.29536,120.18504,8019
3208,30.33591,120.20658,2655
3209,30.33554,120.2038,1743
3210,30.33484,120.19752,6361
3211,30.33545,120.19845,2407
3212,30.25434,120.18683,11370
3213,30.25468,120.18993,12410
3214,30.25425,120.19384,8114
3215,30.25419,120.19503,8638
3216,30.2563,120.19099,23538
3217,30.2581,120.19099,13559
3218,30.24308,120.1991,7137
3219,30.24167,120.19721,11365
3220,30.35039,120.23269,6266
3221,30.35112,120.21968,2773
3222,30.35972,120.23414,1959
3223,30.35902,120.23265,678
3224,30.36002,120.22861,471
3225,30.35946,120.23019,2030
3226,30.35845,120.23029,739
3228,30.35681,120.22546,26540
3230,30.35308,120.22853,3880
3231,30.35802,120.2322,2615
3232,30.23975,120.20058,10510
3233,30.24464,120.20473,9589
3235,30.25005,120.20939,9020
3236,30.25446,120.21333,6451
3237,30.25853,120.21661,4603
3238,30.25144,120.20431,8276
3239,30.24886,120.20048,20234
3240,30.25156,120.21361,1995
3241,30.25037,120.21406,4833
3242,30.2586,120.21046,5209
3243,30.2411,120.20523,5674
3244,30.24095,120.20695,4622
3245,30.24245,120.20692,3405
3249,30.24869,120.1829,14668
3251,30.25045,120.1851,15886
3253,30.2709,120.2029,15164
3257,30.28146,120.20627,20857
3258,30.32205,120.25376,5899
3259,30.31979,120.2546,1278
3260,30.32196,120.25803,4819
3261,30.31766,120.25592,5646
3262,30.29177,120.18819,7890
3263,30.31015,120.18868,11884
3264,30.27433,120.19891,11000
3265,30.29561,120.18235,4127
3266,30.29281,120.18137,3517
3268,30.29104,120.18602,5573
3269,30.2926,120.18572,12659
3270,30.29388,120.18575,10815
3271,30.2945,120.1892,9260
3272,30.2933,120.19022,5294
3273,30.2959,120.18896,6477
3274,30.30056,120.18504,10133
3275,30.29616,120.19098,21538
3276,30.26333,120.19097,38756
3277,30.2701,120.21861,1687
3279,30.30799,120.22087,3272
3280,30.30836,120.22029,4717
3286,30.30821,120.21961,5399
3287,30.32281,120.21756,5833
3290,30.32108,120.25249,5409
3293,30.28406,120.23035,1623
3314,30.3538,120.23558,8078
3315,30.35375,120.23473,5807
3316,30.34185,120.22501,1070
3317,30.3393,120.2215,384
3318,30.33825,120.22004,1009
3319,30.33705,120.21757,856
3320,30.33912,120.2219,1316
3321,30.34113,120.225,773
3322,30.3423,120.22672,3735
3323,30.33743,120.21948,721
3324,30.32393,120.20454,4066
3325,30.32444,120.19549,5525
3326,30.32415,120.20225,4957
3327,30.29663,120.18449,6417
3328,30.29223,120.22539,3495
3329,30.28873,120.2422,2522
3330,30.29392,120.25221,2376
3331,30.29354,120.25154,524
3333,30.25988,120.19281,44183
3334,30.27281,120.19922,14788
3335,30.25834,120.19967,10418
3336,30.27233,120.21168,2634
3338,30.25077,120.20396,31032
3339,30.25122,120.20706,13818
3340,30.25017,120.20885,10259
3342,30.25868,120.19097,26041
3343,30.34749,120.22629,1058
3344,30.34726,120.22964,1231
3345,30.34789,120.23054,4212
3346,30.34894,120.23278,3622
3347,30.34947,120.23436,433
3348,30.34948,120.23389,839
3349,30.35294,120.2382,638
3350,30.35377,120.23869,2864
3351,30.35776,120.23497,6043
3352,30.36006,120.23564,881
3353,30.36049,120.23738,423
3354,30.36004,120.23833,1150
3355,30.35954,120.2343,1255
3356,30.36272,120.22929,4265
3357,30.36073,120.2285,4135
3358,30.3622,120.22913,1567
3359,30.35998,120.22933,4738
3360,30.3582,120.23689,9440
3361,30.29142,120.18089,4858
3364,30.35837,120.23106,761
3365,30.36084,120.23434,5479
3366,30.30792,120.21063,974
3367,30.26865,120.21371,1380
3368,30.35642,120.20881,893
3369,30.356,120.20734,992
3370,30.35589,120.20681,934
3371,30.3495,120.22906,3730
3372,30.35131,120.23183,3890
3373,30.35299,120.23495,5415
3374,30.34903514,120.2247445,3287
3375,30.36042,120.22778,3331
3376,30.35726,120.22426,5079
3377,30.30528,120.27055,3130
3378,30.30519,120.27077,1932
3379,30.30743,120.27103,6097
3380,30.30852,120.26881,1569
3381,30.27283,120.2056,6619
3382,30.2698,120.20677,8631
3384,30.26469,120.20999,5763
3385,30.26099,120.21157,9357
3386,30.26246,120.21027,4417
3387,30.26561,120.21016,5999
3388,30.31863,120.25819,8391
3389,30.32048,120.25732,5545
3390,30.32498,120.25368,4229
3391,30.31935,120.24727,8674
3392,30.32345,120.26008,3916
3393,30.32265,120.25862,4000
3394,30.32377,120.25999,901
3395,30.30787,120.2137,45
3396,30.3079,120.2161,66
3397,30.32091,120.2511,1332
3398,30.32069,120.25097,760
3401,30.35239,120.21065,1819
3404,30.3522,120.2106,2231
3405,30.35267,120.21274,993
3408,30.3548,120.22048,1090
3409,30.3538,120.21638,1378
3410,30.35672,120.23267,1169
3411,30.35546,120.22883,912
3412,30.35659,120.22932,558
3413,30.36199514,120.2299245,5219
3414,30.36304,120.22295,2101
3415,30.36165,120.21983,6173
3416,30.33552,120.21798,5565
3417,30.29737,120.18652,30119
3418,30.28804,120.19212,29048
3420,30.2643,120.20285,29407
3423,30.26119,120.2117,5390
3424,30.26284,120.21056,1331
3425,30.30011,120.19064,6863
3426,30.29995,120.19011,9489
3427,30.35817,120.23026,711
3428,30.35695,120.22662,2249
3429,30.35608,120.22336,5424
3430,30.356,120.22376,1270
3431,30.25567,120.21489,3580
3432,30.30184,120.18961,7696
3434,30.30325,120.20217,5298
3435,30.30018,120.20533,8174
3436,30.35221,120.21802,4770
3437,30.30429,120.2789,10559
3438,30.3081,120.27966,11661
3439,30.30828,120.27752,4907
3440,30.30859,120.27488,13296
3441,30.30688,120.27325,14665
3442,30.30528,120.27347,6845
3443,30.31164,120.23241,3575
3444,30.31324,120.21221,3573
3445,30.31217,120.21986,9284
3446,30.31182,120.22377,4632
3447,30.27415,120.21851,9820
3448,30.29832,120.19848,9113
3449,30.30045,120.19828,3546
3450,30.31843,120.21444,7144
3451,30.25488,120.21307,11814
3453,30.3076,120.26676,6751
3454,30.30628,120.2668,4638
3455,30.35188,120.21742,2852
3456,30.36208,120.21288,1660
3457,30.28145,120.22064,3965
3458,30.36601,120.23267,6591
3459,30.33264,120.26831,336
3460,30.26351,120.21072,5214
3461,30.26132,120.20823,8234
3462,30.31884,120.27034,9027
3463,30.26051,120.21782,10145
3464,30.26494,120.21333,7877
3465,30.31384,120.23237,2773
3466,30.29668,120.20068,16227
3467,30.31636,120.21326,12866
3468,30.25718,120.1933,24365
3469,30.31311,120.26361,9888
3470,30.31267,120.26781,3551
3471,30.31311,120.26547,2850
3472,30.27626,120.22081,4267
3473,30.2769,120.22163,4597
3474,30.34983,120.22352,3691
3475,30.30268,120.2095,557
3476,30.3216,120.21906,7837
3478,30.3756,120.21884,2535
3479,30.37852,120.222672,1252
3480,30.36858,120.2137,3313
3481,30.2574,120.2187,10117
3482,30.2904,120.2186,1474
3483,30.2577,120.1971,27570
3484,30.2876,120.1889,11520
3486,30.2862,120.1868,16985
3487,30.3097,120.2619,37065
3489,30.2968,120.2189,3260
3490,30.2962,120.2182,2975
3492,30.3022,120.2371,171
3493,30.3086,120.2492,570
3499,30.3097,120.2618,9213
3500,30.3097,120.2621,15785
3601,30.31306,120.32104,10259
3602,30.29994,120.32422,7820
3603,30.29979,120.31488,11386
3604,30.30322,120.33083,15394
3605,30.30857,120.34402,21930
3606,30.30907,120.33377,16748
3607,30.31807,120.33256,24188
3608,30.32108,120.34424,14348
3609,30.32103,120.36008,21191
3610,30.31641,120.36097,10763
3611,30.32137,120.38461,14567
3612,30.31758,120.36946,7632
3613,30.31557,120.37711,12613
3614,30.31611,120.38787,16917
3615,30.31328,120.37595,929
3616,30.31321,120.3861,15399
3617,30.30905,120.37413,6629
3618,30.30901,120.38256,10411
3619,30.30492,120.37608,7879
3620,30.3049,120.38097,9402
3621,30.30167,120.38298,10271
3622,30.29225,120.37806,25324
3623,30.30472,120.36273,8384
3625,30.33565,120.3436,3935
3626,30.33344,120.35658,4220
3627,30.3392,120.36652,1712
3628,30.32741,120.34284,9463
3629,30.32843,120.36137,4346
3630,30.29498,120.353,7812
3631,30.29474,120.36237,4394
3632,30.2899,120.35104,9940
3633,30.2844,120.34969,1901
3634,30.27485,120.34108,2661
3635,30.27445,120.35479,4156
3636,30.27455,120.35844,1585
3637,30.28503,120.36824,558
3638,30.28083,120.37157,3129
3639,30.33504,120.32841,596
3640,30.32106,120.32527,8117
3641,30.29861,120.36125,3667
3642,30.30617,120.35001,15573
3643,30.30351,120.34058,19683
3644,30.30577,120.34062,13528
3645,30.29863,120.34006,7256
3646,30.32547,120.32623,2566
3647,30.31973,120.35351,23274
3648,30.31276,120.34645,29407
3649,30.31866,120.33393,18698
3650,30.30449,120.3695,5490
3651,30.30268,120.32264,8770
3652,30.30234,120.31528,5422
3653,30.30097,120.32832,6899
3654,30.33016,120.34466,9060
3655,30.30859,120.34192,35759
3656,30.30793,120.33569,15557
3657,30.31829,120.33984,29060
3658,30.31779,120.35201,14430
3659,30.32117,120.3427,20423
3660,30.32079,120.37119,17090
3661,30.30853,120.34875,16173
3662,30.31813,120.35923,21072
3663,30.30209,120.37201,6502
3664,30.2994,120.38434,11994
3666,30.27608,120.36965,5149
3667,30.30713,120.37737,10769
3668,30.32021,120.32258,9010
3669,30.31791,120.32524,17430
3670,30.32125,120.32919,16072
3671,30.31154,120.33874,17701
3672,30.31907,120.31388,4818
3673,30.28994,120.36774,5010
3674,30.285,120.34472,5736
3675,30.27658,120.35669,2267
3676,30.29286,120.37199,3775
3677,30.2822,120.36838,1923
3678,30.29997,120.35947,3270
3679,30.29977,120.36356,3457
3680,30.30249,120.34992,5676
3681,30.30184,120.34208,7151
3682,30.28745,120.33868,5185
3683,30.29288,120.31924,9505
3684,30.28745,120.33868,3016
3685,30.28919,120.32413,11004
3686,30.28326,120.33104,1875
3687,30.28156,120.33515,2161
3688,30.30092,120.34423,4310
3689,30.27596,120.33641,1689
3690,30.34263,120.37499,1082
3691,30.3343,120.33676,2647
3692,30.27031,120.36353,3607
3693,30.28223,120.37462,8186
3694,30.29461,120.33002,4552
3695,30.30864,120.35595,5220
3696,30.32114,120.3894,5776
3697,30.30193,120.32839,4658
3699,30.3125,120.3458,16685
3700,30.29762,120.37918,7249
3701,30.2996,120.3309,7242
3702,30.3044,120.3876,3404
3703,30.3578,120.3045,2412
3704,30.3153,120.3324,4270
3705,30.2982,120.3188,1446
3707,30.3043,120.3486,7307
3708,30.3186,120.3273,2631
3709,30.3032,120.336,4749
3710,30.31,120.3213,14581
3711,30.3012,120.3002,3178
3712,30.3115,120.332,5562
3713,30.315,120.3345,10604
3714,30.3494,120.3023,1328
3715,30.3075,120.3284,21570
3716,30.3202,120.2978,2243
3717,30.3223,120.3064,627
3718,30.37,120.3453,687
3719,30.3515,120.3425,209
3720,30.3187,120.381,6344
3721,30.3235,120.3811,3466
3722,30.3211,120.337,6734
3723,30.3162,120.3238,10401
3724,30.2997,120.3815,10258
3725,30.3633,120.3611,8606
3726,30.2947,120.3812,8502
3727,30.2895,120.3803,5200
3728,30.3178,120.3285,8457
3729,30.3271,120.3386,8960
3730,30.3073,120.3404,10429
3731,30.2985,120.3234,11754
3732,30.3088,120.3696,8057
3733,30.3011,120.3116,4088
3734,30.316,120.3305,4553
3735,30.326,120.3311,2372
3736,30.3172,120.3197,5393
3737,30.3304,120.3429,3091
3738,30.2992,120.3515,4540
3739,30.2886,120.3359,2272
3740,30.2975,120.3715,2059
3741,30.282,120.3457,1499
3742,30.3047,120.3545,4671
3743,30.2997,120.3693,4400
3744,30.2997,120.3729,3791
3745,30.2915,120.3562,2466
3746,30.3117,120.344,39104
3747,30.3119,120.3302,16606
3748,30.3114,120.32,12439
3749,30.309,120.3439,14598
3750,30.2996,120.3149,5094
3751,30.3125,120.3071,842
4001,30.31038,120.14817,9592
4002,30.32747,120.14773,6212
4004,30.31966,120.13792,53447
4005,30.32481,120.13729,24414
4006,30.32759,120.13559,4489
4007,30.33246,120.14484,4726
4008,30.31277,120.14355,29069
4009,30.30361,120.14973,22710
4010,30.30169,120.15071,17362
4013,30.32937,120.14092,38479
4014,30.33619,120.10279,1696
4015,30.30978,120.12457,20161
4017,30.32757,120.11475,8893
4018,30.32416,120.11216,4927
4019,30.32643,120.1371,8209
4020,30.32167,120.13783,34582
4021,30.3194,120.14079,12359
4022,30.32091,120.10844,11140
4023,30.32998,120.08882,11041
4024,30.32572,120.08985,3072
4026,30.32996,120.09142,7384
4027,30.32472,120.09466,3908
4028,30.33298,120.09087,6070
4029,30.32847,120.11403,8770
4032,30.32223,120.15704,9530
4034,30.32746,120.14332,11044
4035,30.32453,120.15522,2702
4037,30.32911,120.14124,15557
4040,30.32248,120.14184,6917
4041,30.33711,120.08889,4007
4042,30.33446,120.08966,6390
4043,30.32868,120.09715,11816
4044,30.32298,120.09559,2827
4045,30.32631,120.09396,3559
4046,30.32427,120.11711,3443
4047,30.32957,120.12737,779
4048,30.32604,120.12894,5770
4049,30.28486,120.14964,55362
4050,30.2872,120.14986,28301
4051,30.29706,120.14108,92196
4052,30.29815,120.1448,19072
4053,30.31422,120.12698,8386
4054,30.31167,120.13578,11213
4055,30.30461,120.14229,7830
4056,30.3116,120.13914,11237
4057,30.33198,120.13388,2000
4060,30.30794,120.13491,3091
4061,30.30961,120.13042,9981
4062,30.30684,120.13396,7914
4063,30.29814,120.14148,7062
4064,30.29786,120.14472,12250
4065,30.29267,120.14906,2470
4066,30.32852,120.14066,4945
4067,30.32499,120.14115,8315
4068,30.33442,120.14076,4119
4069,30.32155,120.14161,23347
4070,30.31303,120.1425,10529
4071,30.30794,120.14406,16572
4072,30.30369,120.14709,41163
4073,30.2934,120.15797,16365
4074,30.29269514,120.1588745,16766
4075,30.30116514,120.1515645,16920
4076,30.29750514,120.1563845,30329
4077,30.31187,120.14308,25242
4078,30.31425,120.14285,17859
4079,30.3185,120.14241,18694
4080,30.32413,120.14127,10492
4081,30.33446,120.14723,4935
4082,30.30373,120.14911,31598
4083,30.30994,120.14339,30194
4086,30.30949,120.11976,16857
4087,30.32515,120.12689,3982
4088,30.32301,120.12706,6559
4089,30.31734,120.12676,6085
4090,30.32558,120.1277,1790
4091,30.32578,120.13135,4418
4092,30.32666,120.13957,5288
4096,30.27696,120.15163,22579
4097,30.27969,120.15054,28161
4098,30.27937,120.15095,19932
4100,30.30388,120.13611,13383
4101,30.29932,120.14095,11279
4102,30.328,120.15198,3217
4103,30.32776,120.15082,5257
4104,30.32798,120.15019,7191
4105,30.32685,120.11425,7964
4106,30.33489,120.1434,6655
4107,30.30428,120.1344,19464
4108,30.30729,120.12768,9754
4109,30.30819,120.12617,3469
4110,30.31061,120.12338,13914
4112,30.29981,120.13618,25604
4113,30.30107,120.13612,17792
4114,30.31062,120.1291,5132
4115,30.29956,120.13794,8219
4116,30.33743,120.1572,3389
4117,30.34661,120.17915,4814
4118,30.3501,120.18209,7828
4119,30.31194,120.1489,22436
4120,30.32359,120.10329,3372
4121,30.31593,120.11002,1511
4122,30.31691,120.10893,5967
4123,30.31774,120.10809,9292
4124,30.32201,120.10441,643
4125,30.31067,120.11802,9500
4126,30.31149,120.11681,13752
4128,30.31605,120.11044,5254
4129,30.32253,120.10439,6414
4130,30.32125,120.10562,5677
4131,30.31877,120.10726,7434
4132,30.32015,120.10703,4517
4133,30.32383,120.10352,4081
4134,30.32134,120.10495,2536
4135,30.31934,120.1067,9754
4136,30.3198,120.10629,4993
4137,30.3172,120.10916,7706
4138,30.31486,120.11121,4372
4139,30.31415,120.11208,6993
4141,30.31275,120.11433,2807
4142,30.31156,120.11617,5115
4143,30.31064,120.11736,9667
4145,30.30978,120.11864,8869
4146,30.30471514,120.1534445,16534
4147,30.30562,120.15408,34701
4148,30.30717,120.14016,7640
4149,30.30468,120.15171,18887
4151,30.33743,120.1572,2696
4152,30.33325,120.1269,3762
4153,30.33054,120.12687,636
4154,30.32811,120.12693,1657
4155,30.32817,120.1273,5520
4156,30.33352,120.12734,3014
4157,30.33492,120.12733,1588
4158,30.33667,120.12725,3120
4160,30.33916,120.12613,7776
4161,30.33047,120.1297,1825
4163,30.33802,120.13852,4474
4164,30.33517,120.13974,8373
4165,30.3365,120.13987,1478
4166,30.33781,120.14011,5501
4167,30.3396,120.14021,1450
4168,30.33734,120.13957,2151
4169,30.33562,120.13953,5280
4170,30.33169,120.12688,2075
4171,30.32706,120.12687,572
4172,30.32397,120.12691,2912
4173,30.32109,120.1269,2173
4174,30.31975,120.12687,1644
4175,30.31842,120.12683,7510
4176,30.3184,120.12728,5570
4177,30.31926,120.12724,2144
4178,30.32117,120.12725,1869
4179,30.32327,120.12724,1411
4180,30.32377,120.12729,4066
4181,30.325,120.1273,954
4182,30.3299,120.12762,437
4183,30.33001,120.13068,5807
4184,30.33005,120.12984,2487
4185,30.33159,120.12739,1676
4186,30.33441,120.1364,5104
4187,30.33437,120.13741,4679
4188,30.33487,120.13917,4245
4189,30.33474,120.13721,6556
4190,30.3344,120.13871,2425
4191,30.33471,120.13621,9756
4192,30.33452,120.1445,6712
4193,30.33448,120.14621,3097
4194,30.33323,120.15762,1788
4195,30.33272,120.15848,856
4196,30.33162,120.15987,2811
4197,30.33171,120.1611,8506
4198,30.33254,120.1594,3521
4199,30.33378,120.15787,1753
4201,30.33649,120.1624,2821
4202,30.33742,120.16072,2094
4203,30.33781,120.15992,3779
4204,30.3353,120.16209,7362
4205,30.33342,120.16724,5473
4206,30.33408,120.16637,1875
4207,30.33602,120.1631,4955
4208,30.33526,120.16428,2327
4209,30.27524,120.15017,20651
4210,30.33103,120.14045,22123
4211,30.32515,120.1412,13895
4212,30.32757,120.1523,2939
4213,30.32782,120.14831,5899
4214,30.32708,120.14002,2530
4215,30.32727,120.13844,10803
4216,30.32693,120.13615,1184
4217,30.32708,120.13831,1745
4218,30.33472,120.16523,2589
4219,30.3388,120.15839,3165
4220,30.33953,120.15871,5340
4221,30.3375,120.15704,1930
4222,30.33543,120.15543,6650
4223,30.32679,120.13605,2914
4224,30.32715,120.14501,5902
4225,30.32596,120.15359,3823
4226,30.30065,120.15164,21230
4227,30.29752,120.15594,469
4229,30.32623,120.13151,6067
4230,30.33016,120.13641,23531
4231,30.31491,120.1094,2262
4232,30.30927,120.09967,2490
4233,30.30072,120.10668,7421
4234,30.30024,120.105,10213
4235,30.30127,120.11028,4151
4236,30.30134,120.11274,4498
4237,30.29119,120.14557,62177
4238,30.33511,120.1004,11615
4239,30.33793,120.10457,4789
4240,30.28069,120.14835,23685
4242,30.31511,120.11153,6408
4243,30.33557,120.0899,2126
4244,30.33382,120.08804,4694
4245,30.32972,120.09218,5885
4246,30.32302,120.09586,1810
4247,30.32393,120.09529,2395
4248,30.33425,120.13976,3494
4250,30.34041,120.10687,5535
4251,30.33489,120.1115,3211
4252,30.33652,120.10851,2791
4253,30.33832,120.10976,4349
4254,30.33961,120.10764,5706
4255,30.33756,120.10719,3616
4256,30.33701,120.10664,3530
4257,30.33562,120.10574,2344
4258,30.33488,120.10049,12178
4259,30.33441,120.1068,7248
4260,30.33462,120.1031,4789
4261,30.37277,120.15916,327
4262,30.37257,120.15867,315
4263,30.3674,120.15892,43
4264,30.36833,120.15941,131
4265,30.37064,120.15712,1126
4266,30.37107,120.15357,1081
4267,30.37166,120.15252,398
4268,30.37075,120.15238,779
4269,30.31247,120.1237,14666
4270,30.3696,120.15179,1131
4271,30.37248,120.15434,1044
4272,30.37333,120.16125,287
4273,30.37462,120.15079,150
4274,30.37315,120.15258,473
4275,30.36809,120.1514,2722
4276,30.36968,120.16075,161
4277,30.36833,120.16232,600
4278,30.37004,120.16313,790
4279,30.3711,120.16543,846
4280,30.37814,120.16366,1105
4281,30.37259,120.15623,58
4282,30.37183,120.1504,1352
4283,30.32205,120.12726,3689
4284,30.34582,120.14217,3450
4285,30.3765,120.1796,298
4286,30.36794,120.17324,987
4288,30.33906,120.09479,4685
4289,30.3235,120.09094,5111
4290,30.32425,120.0938,5803
4291,30.33505,120.08617,4545
4292,30.28668,120.14473,49829
4294,30.34776,120.08885,6230
4295,30.30146,120.12771,7293
4296,30.33351,120.09039,3416
4297,30.32821,120.0923,3471
4300,30.30906,120.10018,1493
4301,30.3263,120.10291,11516
4302,30.34221,120.10003,6720
4306,30.3138,120.12547,13628
4307,30.30597,120.13787,2993
4308,30.31111,120.14631,18336
4309,30.32636,120.16119,11823
4310,30.32834,120.1636,13862
4311,30.29096,120.15536,34333
4312,30.29938,120.11934,5965
4313,30.29832,120.11521,18370
4314,30.30021,120.11362,9691
4315,30.29948,120.12035,5998
4316,30.30105,120.10958,4511
4317,30.30109,120.1115,3648
4320,30.31261,120.10611,1510
4321,30.31097,120.10011,705
4322,30.30243,120.1014,12244
4323,30.30283,120.10357,9413
4324,30.31135,120.10021,1986
4325,30.31274,120.106,2261
4326,30.30348,120.10487,12663
4327,30.30707,120.11076,8358
4328,30.30644,120.10988,10762
4329,30.30593,120.10657,9442
4332,30.30415,120.10604,8603
4333,30.3105,120.11389,3876
4334,30.32019,120.10815,7380
4335,30.32945,120.1296,4238
4337,30.29709,120.15504,14430
4338,30.29693,120.15537,18047
4339,30.29714,120.15398,4301
4340,30.30293,120.15647,14689
4341,30.30367,120.15602,18691
4342,30.30629,120.12564,3818
4343,30.30876,120.12503,3530
4344,30.30477,120.12608,15034
4345,30.32527,120.13573,3588
4351,30.3069,120.1236,10657
4352,30.29887,120.15301,28548
4353,30.32558,120.12462,1274
4354,30.32537,120.12289,1248
4355,30.32449,120.11992,2941
4356,30.32443,120.11626,3152
4357,30.32405,120.11843,3611
4359,30.32361,120.13551,6287
4360,30.32924,120.13464,6833
4361,30.30331,120.1288,13182
4362,30.28534,120.14394,30156
4363,30.29086,120.14073,47351
4364,30.30752,120.12189,9028
4365,30.32578,120.12609,1072
4366,30.32291,120.11662,2511
4367,30.32253,120.11687,5440
4368,30.32372,120.11872,5891
4369,30.32441,120.12041,5173
4370,30.32519,120.12368,3271
4371,30.3161,120.11097,4512
4372,30.31792,120.11262,9229
4373,30.31146,120.14027,4199
4374,30.3115,120.14185,765
4375,30.31149,120.14069,6301
4376,30.32643,120.09252,11798
4377,30.31014,120.10588,894
4378,30.30904,120.10464,930
4379,30.30827,120.10313,2976
4380,30.30858,120.10375,1712
4381,30.30755,120.1013,1679
4382,30.30807,120.1048,67
4383,30.32508,120.09483,2422
4384,30.30817,120.10248,1710
4385,30.30116,120.10815,7230
4386,30.30403,120.1339,7981
4387,30.3194,120.15524,12888
4388,30.3394,120.12145,6015
4390,30.3521,120.18359,29934
4391,30.32084,120.15374,16493
4392,30.32087,120.15425,3645
4393,30.3075,120.14991,16555
4394,30.30936,120.1496,11712
4395,30.31072,120.14973,16789
4396,30.30012,120.12947,22061
4397,30.2997,120.1324,16940
4398,30.31356,120.14686,5030
4399,30.31363,120.14756,13014
4400,30.29895,120.14263,18656
4403,30.31496,120.13075,6135
4404,30.34005,120.10278,8382
4405,30.33001,120.10139,11627
4406,30.35145,120.18976,3172
4407,30.36748,120.16616,912
4408,30.30743,120.15182,18900
4409,30.31327,120.13757,16768
4410,30.30871,120.12087,25899
4411,30.30879,120.1284,8549
4412,30.33743,120.1572,8349
4413,30.34065,120.09495,5929
4415,30.34363,120.1027,3960
4416,30.31769,120.13183,8620
4417,30.31542,120.11108,3867
4419,30.3797,120.1314,294
5001,30.27151,120.1474,52631
5002,30.27181,120.14891,50889
5004,30.31403,120.08648,8711
5005,30.33032,120.07046,3452
5006,30.33345,120.07702,4240
5008,30.30109,120.09677,3250
5009,30.27962,120.11035,22355
5010,30.28556,120.11884,26353
5011,30.28164,120.12392,41557
5012,30.27363,120.09687,3444
5013,30.27625,120.10033,5687
5014,30.26977,120.09175,6342
5015,30.27241,120.10112,9242
5016,30.28701,120.09927,17353
5017,30.28075,120.10094,6139
5018,30.27351,120.09111,7186
5019,30.33443,120.08363,3651
5020,30.28124,120.08852,4921
5021,30.30736,120.08775,25236
5022,30.27418,120.11785,61584
5023,30.32648,120.07009,3193
5024,30.33119,120.07368,13860
5025,30.31745,120.09117,8704
5026,30.27536,120.10037,4855
5027,30.28596,120.08773,3169
5028,30.31653,120.06284,2599
5029,30.2767,120.09013,5680
5030,30.28334,120.10013,7626
5032,30.28269,120.0651,8766
5034,30.26532,120.15028,8992
5037,30.27257,120.13613,42657
5039,30.26476,120.14805,10997
5040,30.26526,120.15228,10021
5041,30.28908,120.10903,11449
5043,30.31108,120.09852,2349
5044,30.27629,120.13968,11627
5045,30.27871,120.13773,6990
5046,30.28887,120.08361,23436
5047,30.28992,120.12337,50718
5048,30.32468,120.07761,7102
5049,30.28381,120.07993,7074
5050,30.29271,120.08772,5288
5051,30.29699,120.12248,9734
5052,30.29515,120.11819,12585
5053,30.28679,120.11178,16279
5054,30.29235,120.10931,28808
5055,30.32822,120.08302,5520
5056,30.32896,120.07381,4203
5057,30.33376,120.08627,10387
5058,30.28802,120.11903,28347
5059,30.28374,120.1048,9777
5060,30.26278,120.08744,3933
5062,30.26906,120.139,28501
5063,30.26981,120.14366,41018
5064,30.27418,120.11627,13567
5065,30.27464,120.11606,16061
5066,30.27474,120.11823,18047
5067,30.27998,120.14388,17156
5068,30.27839,120.11268,30795
5069,30.26445,120.08693,9824
5070,30.27835,120.11929,23838
5071,30.27229,120.13306,33846
5072,30.28395,120.13603,19900
5073,30.29007,120.11119,6701
5074,30.31042,120.09523,5273
5075,30.33319,120.08008,5795
5076,30.33012,120.07279,4903
5078,30.28755,120.10945,7773
5079,30.28647,120.1048,1607
5080,30.28667,120.10701,2385
5081,30.25615,120.07462,6343
5082,30.27325,120.0986,10628
5083,30.27234,120.09508,7319
5084,30.272,120.09156,3409
5085,30.27268,120.09402,9624
5086,30.29979,120.09544,8983
5087,30.24512,120.05006,5150
5088,30.2679,120.09273,7489
5089,30.27968,120.08913,3357
5090,30.2788,120.08931,10055
5091,30.28391,120.08794,7890
5092,30.2956,120.11455,1151
5093,30.29482,120.08801,712
5094,30.29143,120.05718,6715
5095,30.27984,120.0446,329
5096,30.32499,120.07764,6629
5099,30.16853,120.07379,399
5100,30.16011,120.07684,3140
5101,30.15351,120.07806,2468
5102,30.16216,120.09692,726
5103,30.16144,120.07496,3439
5104,30.16055,120.07094,3530
5105,30.16248,120.06987,3416
5106,30.16765,120.08252,1592
5107,30.14211,120.06306,2162
5108,30.16907,120.09931,2805
5109,30.17454,120.09537,4260
5110,30.14675,120.08924,1067
5111,30.13732,120.08433,783
5112,30.14166,120.08563,455
5113,30.14953,120.07545,1913
5115,30.15492,120.07645,2084
5116,30.1657,120.07825,5183
5117,30.16046,120.06717,2135
5118,30.15375,120.07314,2647
5119,30.15215,120.06754,3194
5120,30.15203,120.06866,6173
5121,30.14443,120.0683,1134
5122,30.15062,120.06905,2537
5123,30.16638,120.09872,2844
5124,30.18407,120.05373,1441
5125,30.09493,120.06597,197
5126,30.16863,120.07448,191
5128,30.16284,120.076,3101
5129,30.28756,120.13655,30467
5130,30.27987,120.13148,38604
5131,30.2801,120.13947,25526
5132,30.27966,120.13776,13579
5133,30.28032,120.14226,38488
5134,30.2799,120.13561,13084
5135,30.27975,120.13368,20203
5136,30.30018,120.08781,11754
5137,30.28804,120.08759,11201
5138,30.28613,120.07265,4726
5139,30.28612,120.07551,4455
5140,30.29027,120.08762,5099
5141,30.28138,120.13131,21570
5142,30.28481,120.10432,10646
5143,30.29229,120.10252,25270
5144,30.28188,120.10736,15217
5145,30.2837,120.10931,23518
5146,30.28465,120.12184,18904
5147,30.27507,120.11947,22417
5148,30.28191,120.1256,14219
5149,30.27693,120.11961,12640
5150,30.28418,120.11916,16586
5151,30.27857,120.10962,19817
5152,30.31671,120.08578,7743
5153,30.31244,120.08686,12644
5154,30.30968,120.08737,4344
5155,30.30306,120.08772,3193
5156,30.30245,120.08907,4031
5157,30.30224,120.09079,12218
5158,30.27658,120.11686,9487
5159,30.28302,120.11882,17226
5160,30.26949,120.13192,9101
5161,30.26731,120.1321,31370
5162,30.27212,120.13192,19139
5163,30.27055,120.1322,7981
5164,30.28123,120.12207,19465
5166,30.27657,120.12897,27999
5167,30.28824,120.13042,28467
5168,30.26734,120.13255,20187
5169,30.26809,120.13236,6904
5170,30.27249,120.13146,21416
5171,30.28482,120.09982,11190
5172,30.27758,120.1007,14940
5173,30.28272,120.10065,5523
5174,30.2797,120.1009,10097
5175,30.27278,120.13543,25104
5176,30.30655,120.09309,7730
5177,30.14515,120.07489,1627
5179,30.16159,120.07622,2837
5180,30.14766,120.06868,174
5181,30.1714,120.09021,2857
5183,30.16505,120.08411,2617
5184,30.14983,120.06512,2780
5185,30.16352,120.06591,1524
5186,30.16621,120.0806,1583
5187,30.1698,120.07071,740
5188,30.16524,120.07809,3468
5189,30.16105,120.07333,7139
5190,30.16996,120.0912,1133
5191,30.17105,120.06938,286
5193,30.27807,120.12524,25053
5194,30.28696,120.10369,7286
5195,30.27965,120.10603,8929
5196,30.28168,120.10516,8411
5197,30.28236,120.10511,3464
5198,30.26767,120.12319,23910
5199,30.26682,120.12472,8757
5200,30.26684,120.12626,8642
5201,30.26586,120.12812,18303
5202,30.26597,120.12762,9196
5203,30.26316,120.12218,24713
5204,30.26261,120.12436,17329
5205,30.30491,120.0877,4386
5206,30.30233,120.09385,15362
5207,30.30274,120.10017,9542
5208,30.30233,120.09898,7613
5209,30.30266,120.0975,5542
5210,30.30196,120.09492,2980
5211,30.27115,120.13206,9362
5212,30.31168,120.09464,2846
5213,30.31402,120.09408,1869
5214,30.30973,120.09383,1948
5215,30.30687,120.0951,6969
5216,30.29163,120.12436,4693
5217,30.29208,120.12394,9715
5218,30.29251,120.12418,7453
5219,30.29338,120.12392,21514
5220,30.28606,120.07719,6447
5221,30.28564,120.07934,7383
5222,30.2904,120.12527,17966
5223,30.29064,120.13161,20242
5224,30.29072,120.13337,17920
5225,30.27736,120.139,5652
5226,30.28153,120.10067,5631
5227,30.28829,120.11095,6850
5228,30.28919,120.11092,4797
5229,30.28906,120.09749,19983
5230,30.28385,120.07643,5381
5234,30.31311,120.09766,3913
5235,30.31481,120.09701,3210
5237,30.16455,120.09072,649
5238,30.16467,120.07133,3524
5239,30.15861,120.06842,183
5241,30.16364,120.60761,3434
5243,30.15651,120.08073,2713
5244,30.1525,120.09522,801
5245,30.14244,120.06808,307
5246,30.13564,120.0798,427
5247,30.15466,120.07016,812
5248,30.19154,120.05209,163
5249,30.13776,120.07783,797
5250,30.16029,120.07684,1749
5251,30.15578,120.07635,1296
5252,30.15372,120.07122,1975
5253,30.16749,120.08675,1345
5256,30.13769,120.08559,242
5257,30.13509,120.08566,335
5259,30.28599,120.12452,23304
5260,30.28632,120.12478,18110
5261,30.28302,120.05721,5151
5262,30.28526,120.05721,3404
5263,30.28814,120.05721,5287
5264,30.28671,120.05717,2612
5265,30.28596,120.05882,3781
5266,30.28382,120.05106,3804
5267,30.28593,120.05151,3912
5268,30.28418,120.05322,1797
5269,30.28548,120.0531,2737
5270,30.28216,120.05313,1953
5271,30.28598,120.05537,1554
5272,30.28695,120.05316,2186
5273,30.28879,120.05299,1101
5274,30.28278,120.08136,5947
5275,30.27115,120.10155,7945
5276,30.27406,120.10084,4646
5277,30.27375,120.10201,10161
5278,30.27133,120.09157,1661
5279,30.27749,120.08538,5966
5280,30.27328,120.10095,3191
5281,30.28296,120.06971,5017
5282,30.28224,120.05551,1956
5283,30.28301,120.06293,4430
5284,30.28336,120.07849,5348
5285,30.32571,120.06489,4835
5286,30.32587,120.06654,1515
5287,30.28977,120.11127,17632
5288,30.28954,120.10641,22339
5289,30.2891,120.10595,13379
5290,30.28907,120.10484,7409
5291,30.27468,120.11947,33215
5292,30.29255,120.1111,9596
5293,30.32174,120.05678,2565
5294,30.32183,120.0614,1415
5296,30.31203,120.06536,1677
5297,30.31095,120.06144,2165
5298,30.32164,120.05902,1431
5299,30.2668,120.14726,20852
5300,30.26733,120.14794,6968
5301,30.26736,120.14834,19557
5305,30.28812,120.09353,27238
5306,30.28194,120.09505,19138
5307,30.27081,120.09657,7479
5308,30.26616,120.0975,10965
5309,30.26974,120.09698,13420
5310,30.27235,120.09698,6644
5311,30.27938,120.09564,17837
5312,30.2807,120.09566,11387
5313,30.28567,120.09463,22740
5314,30.27605,120.09655,15036
5315,30.27482,120.0963,4066
5316,30.30704,120.09224,10643
5317,30.30663,120.08749,9331
5318,30.31594,120.08629,3752
5319,30.31497,120.08613,5747
5320,30.31312,120.08642,4139
5321,30.30878,120.08975,5785
5322,30.30897,120.09106,5746
5323,30.31611,120.06642,3566
5324,30.31365,120.06491,2322
5325,30.31492,120.06352,3415
5326,30.31392,120.05928,3567
5327,30.30968,120.05907,2747
5328,30.3093,120.05975,2571
5330,30.31287,120.06602,736
5331,30.32266,120.05831,1845
5332,30.32107,120.05857,1171
5333,30.31898,120.05906,815
5334,30.31715,120.05943,1392
5335,30.31889,120.06342,2104
5336,30.31747,120.06423,2509
5337,30.31807,120.06085,1165
5338,30.31808,120.06193,1402
5339,30.31033,120.06457,1785
5340,30.31492,120.05737,2993
5341,30.31581,120.05854,1056
5342,30.31768,120.05859,3104
5343,30.32004,120.05944,3243
5344,30.31979,120.0564,1702
5345,30.32239,120.05593,3672
5346,30.32332,120.06352,2417
5347,30.26744,120.14294,21808
5348,30.26406,120.14791,24941
5349,30.2735,120.0955,355
5350,30.27436,120.09368,1695
5351,30.27461,120.09415,1105
5352,30.27525,120.09518,1110
5353,30.27483,120.09544,910
5354,30.27424,120.09535,229
5355,30.27235,120.09248,1670
5356,30.27308,120.09731,7826
5357,30.27407,120.14148,27315
5358,30.27447,120.14194,24194
5359,30.27527,120.14781,38764
5360,30.28861,120.13916,19029
5361,30.28182,120.13548,16767
5362,30.27291,120.09572,3663
5363,30.28119,120.14239,24795
5364,30.27871,120.10854,14440
5365,30.27455,120.14973,26362
5368,30.2687,120.13722,17292
5369,30.27038,120.13668,15309
5370,30.26549,120.12204,17498
5371,30.27294,120.12512,19254
5372,30.23672,120.05739,1445
5373,30.28497,120.08805,2657
5374,30.28745,120.08765,6322
5375,30.28725,120.08754,3884
5376,30.29131,120.08769,3286
5377,30.29412,120.0878,1187
5378,30.28958,120.08595,11939
5379,30.2724,120.09114,1262
5380,30.27749,120.08978,6675
5381,30.27463,120.09078,4836
5382,30.28102,120.08881,4823
5383,30.27922,120.0892,2637
5384,30.27248,120.09424,6506
5385,30.27242,120.09367,8327
5386,30.27212,120.09235,4054
5387,30.293,120.11875,28203
5388,30.29222,120.11618,21954
5389,30.28811,120.09904,8986
5390,30.26831,120.0923,10057
5391,30.28275,120.08836,16084
5392,30.27275,120.09615,4700
5393,30.27365,120.09992,7845
5394,30.26919,120.09207,6317
5395,30.31018,120.09581,6956
5396,30.31021,120.09728,3694
5397,30.30819,120.08823,9471
5398,30.30918,120.09248,5932
5399,30.26463,120.12147,19656
5400,30.27103,120.12419,30672
5401,30.29901,120.08786,4961
5402,30.30267,120.09971,5776
5403,30.30265,120.09886,5763
5404,30.30092,120.0955,2041
5405,30.31785,120.09297,2268
5406,30.3179,120.09447,967
5408,30.29016,120.11411,25080
5409,30.28681,120.11468,35631
5410,30.2839,120.11469,23997
5411,30.28124,120.11472,20395
5412,30.27458,120.11525,22257
5413,30.26055,120.08802,5484
5414,30.26102,120.08807,6930
5415,30.26196,120.08744,3944
5416,30.26209,120.08765,2662
5417,30.26423,120.08678,7201
5418,30.26297,120.08712,3277
5419,30.27419,120.1434,15545
5420,30.28591,120.10403,3492
5421,30.27422,120.11711,7093
5422,30.27467,120.11716,2465
5423,30.28612,120.09958,10358
5424,30.28669,120.09917,5568
5425,30.31184,120.09826,2842
5426,30.26547,120.15108,9054
5427,30.32737,120.08681,12095
5429,30.31142,120.09888,633
5430,30.31234,120.09834,799
5431,30.30906,120.08747,5550
5432,30.31081,120.08711,4341
5433,30.31651,120.08669,2252
5434,30.31573,120.0867,2823
5435,30.31627,120.08789,2523
5436,30.3169,120.08935,9286
5437,30.31277,120.09812,1201
5438,30.31631,120.08804,1175
5440,30.3122,120.09442,3434
5441,30.31224,120.09369,859
5442,30.31366,120.09438,2389
5443,30.31413,120.0971,2044
5444,30.31072,120.08886,3292
5445,30.31149,120.09122,8084
5446,30.31485,120.09667,2330
5447,30.284,120.08814,9878
5448,30.28521,120.08775,1778
5449,30.28617,120.08758,3231
5450,30.32506,120.08875,6512
5451,30.32483,120.08854,4121
5452,30.32563,120.09048,2073
5453,30.30209,120.09689,4366
5454,30.30229,120.09483,7633
5455,30.31762,120.09187,2431
5456,30.26722,120.09247,6270
5457,30.27141,120.09139,5982
5458,30.28042,120.08878,446
5459,30.29138,120.08765,1366
5460,30.29242,120.08784,2082
5461,30.27779,120.08682,8755
5462,30.233,120.04432,2485
5463,30.23258,120.04441,2781
5464,30.22736,120.03596,1960
5465,30.22663,120.03475,131
5466,30.22542,120.03249,473
5467,30.22296,120.02715,839
5468,30.22072,120.02271,1349
5469,30.21692,120.01862,1451
5470,30.21391,120.01611,1994
5471,30.21958,120.02145,311
5472,30.22232,120.02648,1038
5473,30.22023,120.02822,1583
5474,30.22382,120.02983,920
5475,30.22614,120.03449,416
5476,30.22707,120.03645,774
5477,30.22972,120.04354,3107
5478,30.22915,120.03959,448
5479,30.22883,120.03961,1352
5480,30.28059,120.13142,10963
5481,30.28204,120.1264,8800
5482,30.28818,120.10914,6141
5483,30.3238,120.05975,1071
5484,30.26991,120.10554,2
5485,30.26939,120.10474,6907
5486,30.27937,120.08399,4899
5487,30.28049,120.08368,2399
5488,30.28187,120.08298,4103
5489,30.17586,120.06608,271
5490,30.20048,120.05334,338
5491,30.17485,120.02411,251
5492,30.27375,120.12434,22878
5494,30.32391,120.08226,25134
5495,30.33035,120.07941,8772
5496,30.33509,120.07891,5242
5497,30.2927,120.09467,5052
5498,30.29245,120.10084,3746
5499,30.27186,120.13913,14158
5500,30.32284,120.08951,7419
5501,30.28067,120.14513,19811
5502,30.32306,120.06373,2453
5503,30.32215,120.06334,2989
5504,30.33665,120.07479,4602
5505,30.31857,120.07476,8335
5506,30.31973,120.08323,4649
5507,30.3192,120.805,5580
5508,30.2736,120.1077,10447
5509,30.2582,120.1251,13499
5510,30.211,120.129,1156
6001,30.2105,120.20629,19475
6002,30.21218,120.20817,9394
6003,30.21015,120.2027,12022
6004,30.20606,120.18587,6609
6005,30.20514,120.20922,13568
6006,30.19143,120.18768,4740
6007,30.18268,120.13277,5903
6008,30.18831,120.14401,9939
6009,30.18807,120.15671,7835
6012,30.19058,120.15397,14399
6013,30.18074,120.14982,12076
6014,30.17858,120.13245,2477
6015,30.15779,120.14746,3765
6016,30.16849,120.15906,4671
6017,30.16132,120.18645,902
6018,30.15899,120.20105,1403
6020,30.16811,120.20011,3652
6021,30.18345,120.20628,10974
6022,30.19126,120.22375,8404
6023,30.19281,120.2126,9880
6024,30.21993,120.21411,7025
6025,30.2142,120.19899,3872
6026,30.20795,120.1987,20578
6027,30.19931,120.18114,12173
6028,30.19688,120.19553,13912
6029,30.18248,120.18858,13349
6030,30.18789,120.17496,3726
6032,30.21944,120.21785,7472
6033,30.20707,120.19437,3692
6034,30.21073,120.19154,4997
6035,30.20488,120.18286,9960
6036,30.20522,120.18835,11974
6037,30.20554,120.19867,7419
6038,30.20802,120.20634,9397
6039,30.21057,120.21066,4202
6040,30.20813,120.20542,22713
6041,30.203,120.20292,11279
6042,30.20492,120.20643,16685
6043,30.19917,120.21114,9355
6044,30.19998,120.21667,5108
6045,30.20014,120.22126,6111
6046,30.18922,120.22878,976
6047,30.18988,120.22097,6188
6048,30.18297,120.21759,2114
6049,30.18085,120.21358,3704
6052,30.1696,120.20581,2431
6053,30.17282,120.19872,3568
6054,30.16303,120.19572,2279
6055,30.17183,120.19091,4806
6056,30.18055,120.18565,4101
6057,30.18372,120.19493,3750
6058,30.18386,120.21003,3950
6059,30.18705,120.20669,7571
6060,30.19176,120.20256,6771
6061,30.19118,120.19382,6338
6062,30.1948,120.19077,8103
6063,30.18958,120.18825,3809
6064,30.19926,120.18792,10269
6065,30.19208,120.16765,4703
6066,30.18876,120.16451,5090
6067,30.19122,120.15985,10041
6068,30.18973,120.15015,9641
6069,30.19071,120.14679,3955
6070,30.18554,120.13352,4991
6071,30.18333,120.13677,2731
6072,30.19321,120.16074,5810
6073,30.17871,120.13986,15360
6074,30.17533,120.16036,7366
6075,30.18707,120.14228,9307
6076,30.18552,120.16354,2438
6077,30.18183,120.15425,4187
6078,30.18409,120.15862,5217
6079,30.18202,120.16637,3016
6080,30.17862,120.13592,4201
6081,30.16154,120.14471,2999
6082,30.16539,120.15476,4532
6083,30.16353,120.16034,2483
6084,30.16119,120.16897,815
6085,30.16615,120.16512,1856
6086,30.17169,120.14456,10897
6087,30.18737,120.17318,3781
6088,30.18363,120.17468,560
6089,30.18368,120.17995,11269
6090,30.20392,120.21088,11272
6091,30.20696,120.22184,11773
6092,30.18705,120.21626,1807
6093,30.19482,120.20541,5654
6094,30.1941,120.19995,9738
6095,30.18566,120.15684,6137
6096,30.17827,120.13036,8176
6097,30.16562,120.19898,467
6098,30.18941,120.20334,507
6099,30.19688,120.21608,6999
6100,30.19263,120.20921,9864
6101,30.18407,120.2207,6268
6102,30.18633,120.21346,3391
6103,30.1865,120.20991,5014
6104,30.18383,120.20028,2127
6105,30.19288,120.20599,10241
6106,30.19237,120.21362,4808
6107,30.18893,120.21597,15721
6108,30.19924,120.22482,4063
6109,30.20249,120.21946,1734
6110,30.20219,120.21597,4761
6111,30.21506,120.21766,211
6112,30.21251,120.21437,1390
6113,30.20246,120.18009,774
6114,30.21963,120.21348,3617
6115,30.20691,120.21109,16212
6116,30.20076,120.20996,13724
6117,30.21114,120.2109,45363
6118,30.20647,120.20216,11367
6119,30.20587,120.20168,8329
6120,30.20452,120.19863,5399
6121,30.20367,120.19782,3367
6122,30.20064,120.19067,2287
6123,30.20013,120.19115,1645
6124,30.19858,120.1881,6484
6125,30.19945,120.18186,9423
6126,30.20115,120.18185,5195
6127,30.20697,120.19292,7231
6128,30.19319,120.18549,2213
6129,30.19337,120.19141,4654
6130,30.19046,120.18402,5643
6131,30.18965,120.18371,5281
6132,30.18907,120.19358,474
6133,30.18369,120.18565,6835
6134,30.19437,120.17793,4115
6135,30.19205,120.17159,5443
6136,30.19223,120.17284,4147
6137,30.18923,120.16624,5527
6138,30.1865,120.1597,2263
6139,30.18643,120.15905,4658
6140,30.18475,120.15571,2425
6141,30.18485,120.15356,6218
6142,30.1863,120.14781,6250
6143,30.18548,120.14883,7741
6144,30.19002,120.14415,2413
6145,30.1896,120.14207,5644
6146,30.19312,120.16749,2518
6147,30.18844,120.1795,7312
6148,30.18373,120.18209,6611
6149,30.16858,120.19241,1677
6150,30.20939,120.2028,17931
6151,30.1898,120.2299,5678
6152,30.20788,120.22092,9677
6153,30.15946,120.17638,1896
6154,30.2268,120.2181,6321
6155,30.16305,120.19637,1519
6156,30.16921,120.21281,1350
6157,30.2174,120.2202,5592
6158,30.21188,120.2052,5955
6159,30.21075,120.19925,10114
6160,30.21172,120.19622,4315
6161,30.20613,120.20516,12090
6162,30.20336,120.201,6253
6163,30.20044,120.20305,6650
6164,30.19912,120.20836,8876
6165,30.19141,120.20652,13806
6166,30.1771,120.2154,2022
6167,30.1695,120.1981,2287
6168,30.13145,120.20535,10222
6169,30.18146,120.20195,114
6170,30.18738,120.20265,4058
6171,30.18314,120.19195,5271
6172,30.19755,120.19425,6663
6173,30.19701,120.19001,3253
6174,30.19302,120.18691,4031
6175,30.1913,120.1907,3433
6176,30.1892,120.1977,349
6177,30.19415,120.19523,9757
6178,30.2044,120.18597,3267
6179,30.20351,120.17858,1472
6180,30.20483,120.19598,5107
6181,30.1737,120.1624,3419
6182,30.165,120.1651,1211
6183,30.1607,120.1731,611
6184,30.1698,120.1629,2707
6185,30.168,120.1563,4780
6186,30.1624,120.1473,4726
6187,30.1824,120.1294,4917
6188,30.1922,120.1477,4513
6189,30.1875,120.1613,5217
6190,30.1861,120.1544,5180
6191,30.1878,120.1544,10513
6192,30.1806,120.1535,2350
6193,30.1845,120.14364,7800
6194,30.19666,120.1736,6571
6195,30.2027,120.19601,3618
6196,30.1861,120.1781,2601
6197,30.18,120.1691,3281
6198,30.1806,120.1583,3014
6199,30.1824,120.1564,2860
6200,30.183,120.1605,3590
6201,30.1838,120.1712,2865
6202,30.1835,120.165,6587
6205,30.21103,120.21036,27268
6206,30.21571,120.16375,22530
6207,30.20317,120.21271,15101
6208,30.20271,120.21314,6856
6209,30.18922,120.21711,13984
6210,30.1862,120.228,8946
6211,30.2124,120.2116,19713
8001,30.1992,120.12937,9642
8002,30.26319,120.15185,61342
8003,30.25438,120.12654,38709
8004,30.25496,120.12002,13064
8005,30.24875,120.11872,7245
8006,30.22192,120.12512,6748
8007,30.24433,120.10346,17417
8008,30.18936,120.11413,6271
8009,30.21713,120.13123,9963
8010,30.24822,120.12647,24482
8011,30.23219,120.13165,17228
8012,30.23115,120.13987,49920
8013,30.2323,120.14991,46948
8014,30.24195,120.15349,46173
8015,30.26319,120.15185,45178
8016,30.25459,120.14117,46472
8017,30.25402,120.13051,30982
8018,30.23471,120.11723,4716
8019,30.2286,120.09229,446
8021,30.21143,120.14967,7948
8022,30.22264,120.14255,1843
8023,30.20493,120.10767,3148
8024,30.19184,120.0827,1210
8025,30.24303,120.10386,1647
8026,30.2479,120.10797,2336
8027,30.24416,120.11916,4864
8028,30.23698,120.12637,10664
8029,30.22284,120.14771,10158
8030,30.21761,120.1306,4458
8031,30.23809,120.15257,9388
8032,30.23084,120.15527,1529
8033,30.25714,120.12019,7132
8034,30.19477,120.08062,573
8035,30.22622,120.13316,3475
8036,30.21594,120.13328,1261
8037,30.1604,120.0974,51
8038,30.16167,120.09575,721
8039,30.16233,120.09422,459
8040,30.16514,120.09002,299
8041,30.1582,120.09692,230
8042,30.15941,120.09234,797
8043,30.17108,120.09747,975
8044,30.1582,120.09692,591
8046,30.16586,120.08253,3413
8047,30.16566,120.0788,4053
8048,30.15961,120.0681,400
8049,30.16433,120.06574,3414
8050,30.1495,120.0912,1042
8051,30.16075,120.07037,1183
8052,30.16447,120.06903,1396
8054,30.20761,120.13226,1018
8055,30.19297,120.1124,1918
8056,30.16541,120.06152,3595
8057,30.16091,120.06442,840
8058,30.14843,120.05821,4014
8059,30.14096,120.07198,854
8060,30.13288,120.09719,625
8061,30.24926,120.11524,4905
8062,30.18702,120.03909,614
8063,30.24793,120.11227,2947
8064,30.1261,120.09739,200
